Location,Square_Feet,Lot_Size,Bedrooms,Bathrooms,Year_Built,Condition,Has_Basement,Price
Rural,1549,19450,5,4,2015,Poor,Yes,472963.2
Rural,4227,17406,6,4,1980,Good,Yes,849515.2
Rural,1484,19844,3,2,1952,Good,No,434278.2
Rural,2727,6926,4,1,1957,Good,Yes,579909.4
Downtown,3156,7251,3,4,1973,Good,No,650633
Rural,1494,10496,5,4,1964,Excellent,Yes,469070.2
Suburb,3135,4300,1,1,1992,Excellent,No,664670.2
Suburb,1106,9553,5,4,1980,Poor,Yes,392687.6
Rural,4465,4727,2,4,1994,Fair,No,777640.2
Rural,2789,17898,2,1,2015,Fair,No,638541.8
Suburb,3761,17832,4,1,1957,Very Good,Yes,785433.4
Suburb,1461,7019,5,3,2020,Excellent,No,429323.8
Downtown,1348,16463,4,2,2006,Good,No,432555.4
Suburb,4223,11047,4,2,1979,Good,No,866989.8
Suburb,1111,12754,2,1,1967,Very Good,No,346050.6
Rural,3720,3520,4,1,2018,Fair,Yes,737323
Suburb,1882,4081,2,4,1988,Good,No,473998.6
Downtown,3771,2428,1,3,2009,Fair,No,761495.2
Suburb,2537,4967,5,3,1992,Very Good,Yes,548966.8
Rural,1554,7445,4,1,1994,Fair,Yes,417487.8
Rural,834,15566,2,4,1972,Fair,Yes,340962.2
Suburb,1244,15042,3,4,2018,Fair,No,422221.4
Rural,2940,12329,4,2,1955,Good,No,582559.4
Downtown,2782,3159,6,2,2005,Poor,Yes,657039.8
Downtown,2030,6132,1,4,1953,Excellent,No,529746
Suburb,1152,19931,1,2,1972,Fair,Yes,407473.8
Suburb,1702,15933,3,1,1955,Fair,No,428334.6
Suburb,2155,11473,2,4,1981,Fair,Yes,567031.8
Rural,3709,11805,4,2,1967,Poor,No,738621.8
Downtown,2548,4083,2,3,1964,Very Good,Yes,560960
Downtown,958,18421,1,4,1989,Good,No,371495.4
Rural,2777,14944,2,4,1955,Poor,Yes,637678.2
Downtown,1756,8604,1,3,2012,Fair,No,490314.4
Suburb,2871,16379,2,1,2016,Poor,No,662832.4
Suburb,1203,4983,3,3,1960,Poor,No,386217.6
Suburb,3652,2778,5,4,1992,Poor,Yes,722260.4
Downtown,1315,6110,3,1,1966,Very Good,No,336232.4
Suburb,3579,13087,3,2,1953,Excellent,No,790704.4
Rural,2187,18508,5,2,2012,Good,No,569255.4
Rural,4253,18081,5,2,2017,Very Good,Yes,853833.2
Downtown,3379,3179,4,4,1990,Very Good,No,719689.4
Rural,1755,10596,4,3,1954,Excellent,Yes,484469
Rural,2999,6251,3,1,1981,Very Good,No,550432.4
Downtown,4433,10235,3,2,2019,Poor,Yes,901234.4
Suburb,2512,19313,1,1,1984,Poor,Yes,599856.6
Suburb,3794,15871,1,4,1971,Fair,No,826583.6
Suburb,1407,2013,4,2,2014,Very Good,Yes,391998.6
Downtown,4488,17610,6,4,1971,Fair,Yes,972007.4
Rural,3267,2828,6,3,1960,Good,No,630835.6
Suburb,2073,8909,4,4,1952,Poor,Yes,524479.8
Suburb,3988,6588,1,4,1958,Good,Yes,767105.8
Downtown,3713,14109,1,3,2009,Excellent,Yes,864516
Suburb,2335,3023,6,1,1963,Poor,Yes,521324.2
Downtown,3425,15537,2,3,1967,Good,No,721453.2
Rural,3182,6891,2,3,1972,Excellent,Yes,673542
Downtown,2241,2080,1,4,1996,Good,Yes,524550.2
Downtown,3779,6036,2,1,2018,Excellent,No,805299.6
Downtown,2597,16379,5,2,1996,Excellent,No,715868
Downtown,1094,11822,4,3,1979,Poor,Yes,393880.2
Rural,1554,3563,4,1,1974,Fair,No,396866.8
Rural,2194,4292,1,3,1977,Excellent,No,500691.4
Suburb,985,4586,3,3,1974,Excellent,No,348958
Rural,2069,17087,6,3,2007,Poor,No,548440.2
Rural,1436,17100,1,3,1990,Fair,No,443597
Suburb,2091,7643,2,4,1974,Very Good,No,487089.8
Rural,4108,4959,6,1,1997,Very Good,No,743228.4
Downtown,1329,12005,3,1,1959,Fair,No,397191.2
Downtown,4423,11775,2,1,1960,Good,No,908090.8
Suburb,2868,1161,5,3,1970,Poor,Yes,580023.2
Suburb,3758,17029,2,4,1994,Fair,Yes,837835
Suburb,3714,17977,5,3,1956,Very Good,Yes,869451
Downtown,1593,15226,6,3,2013,Excellent,Yes,600086
Rural,4391,12154,5,1,2013,Very Good,Yes,894079.6
Downtown,2947,13080,6,3,1951,Excellent,No,783287.8
Suburb,3599,4390,6,2,1991,Poor,No,749515.8
Rural,1277,6997,6,3,2003,Excellent,Yes,418584.4
Rural,2422,13693,6,2,1965,Fair,Yes,559349.6
Downtown,4169,18047,6,3,1967,Excellent,No,961979.2
Suburb,1739,10324,2,4,2008,Good,Yes,493854.6
Downtown,1325,1541,6,4,1965,Fair,No,414674.2
Rural,3181,6093,2,1,1955,Poor,Yes,620388
Downtown,801,14428,6,3,2006,Fair,No,392696
Downtown,1174,12166,5,2,1996,Good,Yes,441013
Suburb,3140,18251,6,2,1997,Poor,No,735938.6
Suburb,3684,17063,3,3,1991,Very Good,Yes,787665.4
Rural,3852,11258,6,2,2009,Good,Yes,813239.4
Downtown,1352,17044,6,4,1953,Poor,No,452544
Downtown,3165,6469,5,2,1951,Excellent,No,721474
Downtown,2325,7256,4,1,2008,Fair,Yes,598359
Rural,2651,11720,5,4,1976,Poor,Yes,592643.2
Rural,1180,2169,3,4,1976,Fair,No,288608.8
Suburb,2446,1830,4,4,2021,Excellent,No,570670.6
Suburb,813,2651,1,3,1956,Poor,No,266774.4
Suburb,1303,18520,1,3,2012,Very Good,Yes,412924.4
Downtown,3078,10518,3,4,1995,Good,Yes,738030.8
Downtown,2808,14258,5,3,2012,Poor,No,664242.2
Suburb,3955,17184,2,2,1961,Excellent,Yes,878571.8
Downtown,929,2019,3,3,1962,Poor,Yes,319090
Suburb,1637,11028,4,3,1992,Fair,No,456545.6
Rural,4016,13448,4,4,1966,Poor,Yes,793409.8
Suburb,3738,13485,6,1,2012,Very Good,No,775876
Rural,2840,2283,1,1,1985,Poor,No,532705.8
Downtown,827,18043,4,1,1957,Good,Yes,377454.2
Suburb,2913,19394,3,2,2018,Poor,Yes,672984.4
Downtown,4034,2733,4,3,1985,Fair,No,808811.4
Rural,2052,19509,3,1,1977,Poor,No,496322.8
Rural,1060,19555,2,4,1996,Very Good,No,394135.6
Rural,2846,17230,6,1,1979,Excellent,Yes,744637.2
Downtown,2272,15472,1,1,1972,Poor,No,563930.6
Downtown,2247,13889,4,3,1965,Poor,No,566595.2
Downtown,1259,4471,3,3,1963,Good,No,410925.8
Downtown,1100,10028,5,3,2020,Very Good,No,403146.6
Rural,3766,9329,1,2,2001,Excellent,Yes,792269.8
Rural,4174,3097,2,2,1986,Fair,Yes,754486.6
Suburb,3134,15082,3,1,1978,Poor,No,668926.8
Suburb,4266,14930,6,3,2016,Excellent,Yes,917020.4
Downtown,3881,11077,6,1,1964,Fair,Yes,826134.4
Rural,1429,7397,2,4,1996,Very Good,Yes,353426.4
Rural,1069,3757,2,4,1995,Very Good,No,339021.2
Rural,3439,19284,6,3,2001,Excellent,Yes,783100.2
Suburb,2793,19994,4,3,1968,Fair,Yes,699382.8
Suburb,2428,18833,4,4,1970,Very Good,No,608489
Rural,2601,6017,3,3,2013,Excellent,No,622130.8
Rural,3691,17370,5,2,1986,Very Good,Yes,778965.2
Rural,1661,8999,3,2,1976,Very Good,Yes,408403.8
Suburb,4232,11195,5,3,2004,Very Good,No,821021.2
Rural,2080,3096,2,4,1978,Good,No,466028.4
Rural,2980,16433,1,1,1969,Fair,No,604603.2
Downtown,4147,11595,3,3,1974,Excellent,No,841345.6
Downtown,2599,16941,3,3,2019,Excellent,Yes,700058.8
Suburb,2506,16078,5,1,2012,Fair,No,600563.8
Rural,3819,6105,2,3,1985,Fair,Yes,730887.6
Rural,3360,3839,2,1,1951,Fair,Yes,596206
Downtown,3160,4384,5,4,1971,Fair,Yes,687801.2
Suburb,1375,11851,2,2,1965,Poor,No,449917.8
Downtown,3733,11053,6,4,1967,Excellent,No,889274.4
Downtown,2803,14493,4,2,2018,Poor,Yes,710804.8
Downtown,2107,18069,6,1,2003,Very Good,Yes,626402.6
Downtown,3992,15139,1,2,1979,Very Good,Yes,852977.2
Rural,3978,8531,3,4,1994,Excellent,Yes,836045
Rural,2756,5283,1,2,1968,Very Good,Yes,540968.2
Downtown,3534,8736,3,1,1983,Fair,No,700873.4
Suburb,2820,8710,4,2,1962,Poor,No,578906.6
Suburb,4075,2619,2,3,1992,Fair,No,741755.4
Suburb,3012,14975,6,4,2011,Very Good,Yes,695891.6
Suburb,3152,13835,5,3,1971,Poor,Yes,715023.8
Downtown,4368,16261,6,1,2001,Fair,No,943258.8
Rural,2455,2431,4,2,2001,Excellent,No,577562.8
Suburb,2379,10067,1,3,1985,Fair,Yes,567336.6
Downtown,2647,5713,5,3,1968,Very Good,No,576748.2
Suburb,3003,10557,2,2,1987,Poor,No,646422.2
Suburb,2190,10435,4,2,2019,Excellent,No,619068.6
Downtown,2542,5998,5,4,2006,Poor,Yes,607124
Rural,2725,1162,4,3,1969,Excellent,Yes,588747.2
Rural,1419,2974,4,3,1958,Poor,No,364271.2
Downtown,2074,9461,2,1,1981,Very Good,Yes,562353
Rural,1756,18015,3,4,1953,Excellent,No,521033
Downtown,2739,18289,5,1,1999,Good,No,742287
Downtown,3181,3014,2,3,1954,Poor,Yes,688410.8
Downtown,1768,10833,4,1,1969,Poor,Yes,469823
Rural,3358,8896,2,3,1986,Fair,Yes,700202.4
Downtown,2116,1204,3,3,1971,Excellent,No,592100.4
Suburb,1843,17965,6,1,2007,Good,No,551438.8
Rural,1081,10032,5,1,2017,Very Good,No,365581.2
Rural,3644,6347,3,2,1993,Fair,Yes,697706.6
Rural,3872,3643,1,2,1983,Good,No,720697.4
Rural,2966,9017,5,2,1991,Excellent,No,653127
Suburb,1858,19681,3,3,1958,Good,No,505598.8
Rural,997,18258,4,1,1956,Poor,No,372265.6
Rural,3332,6560,5,4,2017,Poor,Yes,690863
Downtown,1882,16892,5,3,1968,Fair,Yes,585308.6
Rural,3684,15531,2,4,1980,Excellent,Yes,816655.4
Suburb,1984,18073,4,1,1984,Excellent,No,561975.2
Suburb,1808,5000,1,3,2006,Good,No,427722.4
Suburb,3538,15289,6,4,2010,Fair,No,766083
Suburb,2029,18055,3,4,1980,Excellent,Yes,602358.2
Rural,1835,8927,2,2,2002,Poor,Yes,420020
Rural,1289,16562,3,2,1981,Good,Yes,367879
Suburb,1075,2171,1,2,2015,Very Good,Yes,335676.6
Suburb,3540,12918,1,3,2008,Poor,Yes,739064.2
Rural,3089,10135,5,1,1959,Fair,No,627388.8
Suburb,2039,7342,1,1,1951,Excellent,Yes,531051.8
Downtown,2074,18833,3,2,2015,Poor,Yes,605588
Suburb,925,12929,4,2,2009,Very Good,Yes,344194.8
Suburb,1016,3539,4,2,1966,Very Good,No,337831
Downtown,4177,4959,5,4,1965,Fair,Yes,855731
Downtown,2008,14183,6,2,1965,Poor,Yes,583540
Rural,3910,6432,3,4,1995,Good,Yes,786964
Rural,2046,19745,3,1,1988,Poor,No,552485.8
Downtown,4055,2753,1,3,1980,Very Good,No,799331.4
Downtown,3342,19322,3,3,1950,Fair,Yes,768872.4
Rural,3274,11123,2,3,1960,Fair,Yes,684089.2
Suburb,4049,17376,6,3,1953,Good,Yes,838865.4
Downtown,1718,7588,1,4,2020,Fair,Yes,478969
Rural,4299,7304,2,4,1975,Fair,No,803508.2
Suburb,2117,8345,5,2,1999,Fair,Yes,509808.8
Downtown,2998,16352,4,4,1961,Fair,No,741538.8
Suburb,3231,1597,5,2,2014,Fair,Yes,637677.2
Rural,2461,3336,4,2,1996,Very Good,No,518178.2
Downtown,1107,10879,5,3,2002,Poor,No,414006.8
Suburb,2159,1572,3,4,2020,Excellent,Yes,529142.6
Downtown,2769,8521,2,4,1951,Fair,No,663999.6
Suburb,3593,7171,4,2,1973,Excellent,Yes,784860
Rural,1691,19474,1,2,1953,Excellent,No,516639.4
Rural,1174,14992,2,1,1968,Very Good,No,334095
Downtown,3879,12861,1,1,1975,Fair,Yes,811312
Suburb,2833,13464,2,2,1989,Excellent,Yes,694686.6
Downtown,2164,2633,2,1,1999,Fair,No,517702.4
Downtown,928,18901,5,1,1992,Good,No,397757.2
Suburb,1814,13485,4,2,2016,Good,Yes,534299.2
Suburb,2599,11849,4,2,1961,Good,Yes,568546.8
Suburb,3516,4648,2,4,2016,Excellent,Yes,764481.4
Rural,4223,16177,3,2,1976,Good,No,837586.6
Downtown,2181,14140,3,2,2003,Very Good,Yes,606598.6
Downtown,1316,18921,1,3,2015,Very Good,Yes,490378.4
Rural,2318,15357,1,4,1998,Excellent,No,592231.8
Suburb,885,14368,5,4,1965,Fair,Yes,387210.4
Rural,1998,4137,2,4,1951,Poor,Yes,416862.4
Rural,4064,1097,1,3,2009,Fair,Yes,740743
Rural,3158,12407,1,2,2003,Fair,Yes,650602.8
Downtown,1942,13722,6,4,1979,Fair,No,573090
Rural,4089,13924,2,4,1987,Fair,Yes,855112.6
Downtown,3274,4750,5,1,1977,Poor,Yes,706883.8
Downtown,2793,9535,1,4,1974,Good,Yes,662655.2
Downtown,4285,5666,5,2,1959,Fair,Yes,870361.4
Suburb,2961,17009,4,2,2009,Very Good,Yes,676014.4
Downtown,4016,17994,5,1,1991,Excellent,Yes,921239
Downtown,4409,2727,3,4,1989,Excellent,No,895678.2
Suburb,1102,2854,3,4,1991,Very Good,No,307922.6
Downtown,3591,11800,5,4,1996,Fair,No,800550.2
Rural,1387,6055,3,3,1986,Poor,Yes,381717.4
Rural,1786,11271,4,4,1971,Good,Yes,463553.8
Downtown,2663,19708,2,2,2006,Excellent,Yes,754696.4
Suburb,1144,13819,3,2,1976,Good,No,394745.8
Rural,1613,10369,3,3,1990,Poor,Yes,441303.2
Suburb,2787,10283,5,3,1983,Excellent,No,674916.4
Suburb,3648,14171,4,4,1981,Good,Yes,761354.4
Rural,3872,6774,2,1,2015,Poor,Yes,764833.8
Suburb,4018,7519,5,3,1961,Good,No,823856
Rural,2110,11983,5,3,1989,Fair,No,524495.8
Suburb,2799,19133,6,4,1959,Poor,No,635866.8
Rural,2477,15939,4,4,1997,Good,No,579744.6
Downtown,3924,1781,2,3,1969,Fair,No,822530.4
Rural,2127,17282,4,1,1988,Fair,No,485895
Rural,1892,7823,2,3,2009,Poor,Yes,425440.6
Rural,3208,19489,4,4,2015,Very Good,No,728018.2
Rural,4473,8193,5,4,2014,Excellent,Yes,933241.2
Suburb,4091,3113,5,3,2000,Poor,Yes,787844.6
Downtown,1809,17280,1,1,1985,Fair,Yes,481605.8
Rural,1503,14565,3,3,1973,Fair,Yes,459764.4
Suburb,1374,11183,6,3,1976,Poor,Yes,459790
Downtown,2408,18961,4,4,1951,Very Good,No,595356.2
Downtown,4032,10203,6,1,1980,Excellent,No,906963.8
Downtown,1912,19658,1,2,2006,Good,No,526304.4
Downtown,1487,16795,3,1,2015,Poor,Yes,464544.8
Rural,3628,19810,4,3,1978,Excellent,No,851232.8
Rural,3432,14489,2,3,1964,Excellent,Yes,770962.8
Suburb,3436,6546,3,3,1961,Fair,Yes,686804.8
Suburb,4030,7852,5,1,1977,Good,Yes,829677.8
Suburb,1288,3551,1,4,1973,Poor,Yes,351920
Downtown,3818,7411,3,3,1970,Fair,No,760928.6
Downtown,2147,17391,3,3,1959,Fair,No,545376.8
Rural,4481,19939,5,1,1967,Very Good,No,868764.8
Downtown,4252,1475,4,2,1963,Excellent,No,855726.8
Downtown,3973,11403,2,2,1983,Poor,No,793577
Downtown,1293,8239,5,4,2007,Poor,Yes,429142.2
Suburb,2467,7710,2,4,1971,Poor,No,581905.4
Suburb,2437,9078,4,3,2019,Fair,Yes,618791.2
Rural,818,3285,3,1,1985,Very Good,Yes,293555.4
Downtown,4325,6223,2,3,1994,Good,Yes,877558.4
Downtown,4353,14521,1,4,1985,Fair,No,895675.2
Rural,4465,15889,1,1,1971,Good,Yes,854678.4
Downtown,3244,7971,5,1,2010,Very Good,Yes,759167.4
Downtown,1800,12531,4,4,2005,Excellent,No,584767.2
Suburb,4150,15721,5,2,1982,Poor,Yes,842680.2
Rural,1650,5943,5,2,1994,Good,Yes,471778.4
Rural,2188,7530,6,1,1985,Fair,Yes,509718
Rural,2154,12116,5,3,1969,Good,No,513521.4
Rural,2167,1258,6,2,1967,Excellent,Yes,569324.4
Suburb,1621,1282,1,3,1987,Poor,Yes,403308.8
Suburb,1254,14937,1,2,2016,Good,No,439426.6
Downtown,2424,2898,5,2,1972,Excellent,No,570867.4
Downtown,3572,5135,1,3,1965,Fair,Yes,703606.2
Downtown,3936,7629,4,4,2008,Very Good,No,869808.8
Downtown,3947,12168,6,2,2018,Fair,No,884349.2
Suburb,1510,1612,6,2,2017,Poor,No,371539.4
Rural,2990,15203,5,3,1970,Fair,No,649111.8
Suburb,1716,18071,1,4,2019,Fair,No,482053.8
Downtown,3675,3307,2,2,1961,Fair,No,710980.8
Suburb,3452,8133,6,2,1965,Fair,No,714149.4
Rural,2296,12205,5,4,1963,Poor,Yes,548767.4
Rural,2240,6906,5,2,2010,Excellent,No,547813.6
Suburb,1104,3591,4,4,2020,Good,No,323168.2
Suburb,1535,16149,3,4,1995,Very Good,No,500762.6
Suburb,4368,13150,3,3,1981,Good,Yes,937214.4
Downtown,3138,8183,6,1,1964,Good,No,668754.8
Suburb,2763,11102,4,4,1993,Very Good,No,656562.2
Suburb,2949,18053,4,3,1966,Poor,Yes,672120.6
Suburb,2809,2283,4,1,1990,Very Good,No,557162.4
Rural,4138,1923,6,2,2003,Poor,Yes,802006.6
Rural,3714,2125,3,1,1993,Good,Yes,673349.4
Downtown,3815,2529,4,4,1954,Poor,No,724469.8
Downtown,4493,9438,1,4,1976,Excellent,Yes,999630.4
Rural,3821,17154,5,4,1992,Very Good,No,769730
Rural,3689,9004,5,4,1980,Excellent,No,784242.4
Rural,1761,10752,2,4,1966,Good,Yes,455264.6
Suburb,3789,11592,2,3,2003,Very Good,Yes,770375.8
Suburb,1826,4864,6,4,2011,Good,No,462295.2
Rural,2932,1226,6,3,1981,Excellent,No,583857.4
Suburb,3175,16036,5,2,1989,Good,Yes,698013.6
Suburb,3663,12739,1,4,1962,Very Good,No,755841
Downtown,2273,17648,3,4,1984,Very Good,No,617829.4
Rural,3301,10587,3,1,1954,Good,No,652101.8
Rural,2747,12749,6,2,1978,Very Good,Yes,643296.2
Suburb,3476,1645,1,4,2019,Very Good,No,644832.4
Rural,4092,17299,6,4,1974,Good,No,882906
Downtown,1977,14675,3,2,1971,Excellent,No,591051.8
Downtown,1464,19888,6,3,2015,Very Good,Yes,556339.6
Downtown,811,11964,4,4,1994,Very Good,Yes,421477.8
Rural,1956,17087,6,1,2018,Very Good,Yes,545650.8
Rural,1103,14537,5,4,2021,Very Good,No,376721.4
Rural,4164,14269,6,1,1950,Good,Yes,823746.4
Rural,3822,10346,5,1,1993,Excellent,No,799894.8
Rural,4171,1587,1,4,1988,Excellent,Yes,828713.2
Downtown,2563,13763,3,4,2003,Poor,No,636086.6
Suburb,3630,10177,2,1,1978,Very Good,Yes,733689.8
Downtown,842,5079,2,2,2003,Very Good,No,311606.4
Rural,1743,4348,3,2,1965,Poor,No,445769.2
Downtown,3190,19099,2,4,1969,Excellent,Yes,818541.6
Rural,2149,11785,6,3,1995,Fair,No,527357.6
Rural,3345,13328,1,2,2016,Fair,Yes,759591.8
Downtown,3211,7450,1,4,2014,Excellent,Yes,768907.4
Rural,1690,14230,3,2,2007,Very Good,No,419195.8
Suburb,3274,6433,2,3,2002,Fair,No,647663
Rural,1804,2098,6,4,1950,Good,Yes,428468.8
Suburb,820,8096,1,3,2015,Good,Yes,294805.2
Suburb,1206,19710,1,4,1978,Poor,Yes,458925.8
Rural,3466,12439,4,3,2019,Excellent,No,735190.6
Downtown,1814,10087,4,2,1957,Excellent,Yes,574945.2
Suburb,1135,17021,1,2,1978,Fair,No,391378.2
Downtown,2638,7416,3,3,2000,Very Good,No,618298
Suburb,3988,7980,5,3,1982,Excellent,Yes,833933
Rural,1947,19058,5,3,1952,Fair,Yes,501423.6
Rural,3246,12101,6,4,2009,Fair,No,670592.8
Suburb,3640,8950,1,2,1984,Excellent,No,799423.6
Rural,2627,10122,1,4,2018,Fair,No,586272.8
Suburb,1514,13576,1,2,1969,Poor,No,392249.2
Rural,850,2089,3,1,1988,Poor,Yes,283448
Downtown,1123,5578,4,4,1953,Excellent,No,412052.8
Rural,1588,10127,1,2,1968,Very Good,Yes,435891.6
Downtown,940,11487,1,2,1994,Poor,Yes,424768
Rural,1269,1155,2,4,1992,Poor,Yes,350916.4
Downtown,1586,2958,3,4,1962,Excellent,No,444071.6
Rural,2625,11693,6,2,1962,Good,No,587329.8
Downtown,2157,7344,1,4,2009,Fair,Yes,545724.4
Suburb,2716,6779,2,3,2006,Poor,Yes,625143.8
Suburb,1763,4830,5,4,2001,Good,Yes,485991.6
Downtown,3855,10046,6,4,2002,Very Good,Yes,853239.2
Rural,1172,10794,1,4,1992,Good,No,368638.6
Downtown,4435,1441,1,2,2021,Excellent,Yes,902849.2
Rural,3341,15478,2,3,2021,Very Good,No,718894.8
Suburb,4410,5628,3,1,1991,Very Good,No,822546.8
Rural,2492,7370,1,1,1975,Good,No,502392
Suburb,3598,10528,5,3,1972,Excellent,No,826207.8
Rural,1979,18332,1,3,1992,Poor,Yes,502364.8
Rural,3138,12565,5,3,1977,Good,No,619629.2
Rural,2471,9179,6,2,1958,Poor,Yes,572063.4
Downtown,4015,17013,6,1,1969,Good,No,876102.4
Downtown,905,17843,4,3,2005,Poor,Yes,402280
Suburb,2243,1392,4,2,1988,Good,Yes,495038.8
Suburb,3517,13130,5,1,2000,Very Good,Yes,771255
Downtown,2481,19171,3,4,1961,Fair,Yes,633484.8
Suburb,801,11449,1,2,2004,Very Good,Yes,348385.2
Downtown,3436,18522,1,1,1960,Poor,No,772978
Rural,3491,8418,4,2,1975,Excellent,Yes,781859.2
Suburb,2937,3454,5,1,1991,Very Good,No,612588.8
Suburb,4216,18761,1,1,1976,Fair,Yes,902436.8
Downtown,1149,16223,1,4,1960,Poor,No,433827
Suburb,4330,7701,3,2,1987,Very Good,No,828629
Suburb,2086,3597,2,3,1992,Good,No,493582.2
Rural,4222,1141,4,4,1968,Excellent,Yes,842427
Suburb,3979,3659,4,4,2013,Poor,No,787275.4
Rural,4457,10031,2,1,1955,Very Good,Yes,853104.4
Downtown,1862,16037,1,3,1995,Poor,Yes,548954.4
Suburb,3756,14970,3,2,1991,Good,No,788650
Rural,3006,6661,3,3,2014,Fair,No,638883.2
Downtown,4454,7142,4,3,2021,Very Good,Yes,889579.6
Suburb,3806,13109,3,3,2008,Poor,Yes,780724.8
Downtown,3159,9787,6,3,2001,Poor,Yes,740383.6
Suburb,4112,11096,2,3,1996,Poor,Yes,819633.2
Downtown,1244,9472,1,1,1956,Fair,Yes,355085.2
Downtown,3145,17807,6,1,1960,Poor,Yes,744423.4
Rural,1751,5249,2,4,2010,Excellent,No,461782
Downtown,835,15949,5,1,2017,Excellent,Yes,469675.4
Suburb,1907,2750,4,4,1974,Poor,Yes,450623.2
Suburb,2275,19351,3,4,1961,Excellent,No,660642
Rural,2598,5088,5,2,1975,Very Good,No,539322.4
Suburb,2645,16282,3,3,1961,Excellent,No,684975.8
Suburb,2208,10641,6,1,1992,Poor,Yes,550128.4
Suburb,1995,6075,1,2,2000,Good,No,431302.8
Downtown,2199,11412,1,1,1986,Very Good,No,557039.8
Downtown,2508,16686,1,4,1995,Fair,Yes,620652.4
Suburb,2185,8230,3,1,2002,Poor,Yes,553360
Rural,3406,16432,5,3,1962,Fair,Yes,739291.8
Downtown,3738,12002,1,4,2003,Good,Yes,783652.8
Rural,2988,14947,5,4,2006,Fair,No,679577
Suburb,3734,14686,3,2,1953,Poor,Yes,778542.4
Suburb,3989,18915,6,3,1998,Poor,No,838766.4
Downtown,2100,14074,5,4,1956,Good,Yes,604687.8
Suburb,3573,5493,6,3,1960,Poor,No,754059.6
Downtown,2043,18317,3,1,2003,Good,Yes,632851.2
Suburb,3897,2460,3,3,1994,Good,Yes,750320
Suburb,1320,15140,4,4,1972,Poor,Yes,473143.8
Downtown,2606,11704,3,2,1977,Excellent,No,625642.6
Downtown,809,17669,3,4,2006,Good,No,388522.8
Downtown,1783,17648,2,3,1975,Poor,No,533868
Suburb,3225,7816,1,3,1974,Excellent,Yes,734347
Suburb,2456,12639,4,4,2003,Good,No,593535.4
Rural,2460,15424,4,3,1978,Excellent,Yes,646973.2
Downtown,3529,14965,4,1,1985,Very Good,Yes,802823.2
Suburb,3431,19146,2,4,1963,Very Good,Yes,762759
Suburb,2999,12240,6,2,1984,Excellent,No,695087.8
Downtown,1519,1040,3,4,1979,Good,Yes,447434.8
Rural,1872,6827,1,1,1966,Poor,No,459752.8
Downtown,4025,9259,5,1,2016,Fair,Yes,866027.6
Rural,1658,18371,6,1,1979,Poor,Yes,459092.4
Suburb,2116,15849,3,1,1994,Fair,Yes,547478.6
Rural,2403,17232,2,1,2000,Fair,No,529426.4
Suburb,849,8804,3,2,1996,Good,No,345905.8
Downtown,3511,6374,3,3,2002,Excellent,Yes,791552.6
Downtown,3378,3524,2,1,2013,Poor,No,661118.2
Downtown,4483,10277,4,1,1987,Excellent,No,950443.4
Rural,3931,19863,4,4,2013,Very Good,Yes,821678.6
Suburb,4038,10885,1,2,1956,Good,Yes,815905
Downtown,4073,1778,1,2,1971,Good,No,746727.2
Downtown,3704,2492,4,3,1990,Very Good,Yes,721496.6
Suburb,945,18044,6,2,1959,Poor,Yes,363155.4
Downtown,1714,18732,5,4,2006,Very Good,No,568733.4
Suburb,3840,14615,3,4,1956,Poor,No,802456.8
Suburb,2262,13132,5,3,1999,Fair,Yes,577372.8
Suburb,3089,11178,3,4,2001,Good,No,654922.8
Suburb,1380,8851,4,1,1982,Poor,No,391006
Suburb,3534,17288,1,1,1950,Excellent,Yes,817938
Rural,2384,8156,6,4,2002,Excellent,Yes,573194
Downtown,1282,3044,1,3,2009,Good,Yes,379206.4
Rural,3979,8368,5,2,1983,Very Good,Yes,761895.6
Downtown,2049,14635,1,3,1953,Very Good,No,581797.2
Rural,1472,10168,4,2,1966,Poor,No,411237.4
Suburb,1430,18111,6,4,1953,Very Good,Yes,503990.2
Downtown,3508,12328,5,4,1992,Good,Yes,793379
Downtown,1461,14319,6,1,1953,Poor,Yes,501270
Rural,4303,1342,3,2,1950,Fair,Yes,781345.6
Rural,3652,2447,1,3,2020,Very Good,No,689909.4
Downtown,3266,7581,6,4,1999,Very Good,No,725842.6
Rural,1787,12851,2,3,2010,Poor,Yes,472734.8
Rural,4326,7317,1,1,1984,Excellent,Yes,870149.2
Rural,4031,17910,3,2,1957,Very Good,No,817818.6
Suburb,2346,11088,6,2,1973,Good,No,562341.2
Suburb,1449,13946,5,4,1985,Very Good,No,423416.4
Rural,1768,17789,3,2,1999,Fair,No,489678.6
Rural,3437,15567,2,4,1992,Very Good,Yes,748429.4
Suburb,1900,15868,6,1,1976,Excellent,No,586905.8
Suburb,3356,10765,4,2,1981,Very Good,No,678239.2
Downtown,1240,13466,1,4,1967,Poor,No,446730.2
Downtown,4125,19230,5,3,1977,Very Good,Yes,919269.2
Suburb,1720,18862,4,4,1978,Excellent,Yes,556000
Rural,1569,11587,6,2,1965,Poor,No,408984.2
Rural,2143,1771,6,1,1996,Good,No,455872.2
Rural,2626,17300,3,2,2008,Poor,Yes,640850.2
Rural,1062,9770,6,2,1980,Fair,Yes,367711.4
Downtown,4468,12093,5,4,1953,Poor,No,881964.4
Suburb,2377,14803,4,3,1986,Good,Yes,564192
Rural,4245,1193,5,2,1966,Very Good,No,761158.6
Downtown,3484,3007,2,3,1988,Poor,Yes,730552.6
Rural,4038,18569,2,4,1997,Poor,No,853837.2
Suburb,3306,19778,1,3,1995,Poor,No,764262.8
Downtown,1798,12190,1,4,1997,Poor,Yes,524566.8
Suburb,4151,10984,2,1,1988,Good,No,816629
Suburb,1499,10302,6,3,1953,Excellent,Yes,496855.8
Downtown,3149,8429,5,3,1979,Excellent,Yes,716108
Downtown,4402,3261,2,1,1979,Poor,Yes,820632.6
Downtown,2403,7716,1,3,1971,Good,No,537677.4
Downtown,2041,9921,2,1,2015,Good,No,544220.2
Downtown,1925,5378,6,2,1961,Poor,No,522673.8
Downtown,3401,8815,2,4,1985,Fair,Yes,692806.2
Downtown,3135,14778,5,1,1967,Poor,No,723656.4
Rural,1990,13728,4,3,2002,Fair,No,502746
Suburb,3468,11332,6,1,2020,Poor,No,725351.4
Downtown,1805,10836,1,3,1950,Fair,No,477225.4
Rural,835,3800,5,2,2007,Fair,Yes,314536.2
Rural,1543,9333,2,1,1955,Poor,No,424721.2
Rural,2564,6410,2,2,2019,Fair,Yes,574181.8
Suburb,1152,18839,4,4,1993,Very Good,Yes,460946.2
Downtown,2722,6808,1,3,2021,Excellent,Yes,673184.6
Rural,872,7796,1,3,1973,Good,Yes,288559.6
Suburb,3495,11288,3,2,1968,Fair,No,734839.6
Suburb,2176,18709,1,4,1967,Fair,No,554988.4
Suburb,2714,18543,4,1,1979,Good,No,642238.2
Rural,1893,5650,3,1,1991,Fair,Yes,402431.8
Downtown,3272,5987,3,3,1982,Good,No,693610.6
Rural,3846,16200,2,2,1961,Poor,Yes,814875.4
Rural,1507,5697,2,2,1976,Very Good,No,370967
Downtown,2604,17724,1,1,1988,Very Good,No,640023.8
Downtown,3408,4828,3,4,1958,Excellent,No,764411.2
Downtown,3675,19352,2,4,1970,Fair,Yes,830684
Suburb,1755,18087,4,1,1978,Excellent,No,582227.4
Downtown,3364,13605,2,1,1982,Poor,Yes,718339
Rural,3275,6482,6,2,2011,Very Good,Yes,641110.2
Downtown,4410,19184,6,4,1964,Poor,Yes,967532.6
Rural,959,6463,2,1,1951,Poor,No,319486.2
Suburb,2996,14860,3,1,2001,Fair,No,639835.4
Rural,3623,5912,3,3,1993,Poor,Yes,719681
Rural,4101,5648,5,1,2003,Very Good,Yes,778353.8
Downtown,2535,1855,6,1,1967,Excellent,Yes,627681.2
Downtown,2385,3866,4,4,1952,Very Good,Yes,554507.6
Rural,866,12834,3,2,1956,Fair,Yes,324780.2
Downtown,3861,17294,1,4,1992,Very Good,No,830410.4
Suburb,3228,17566,6,2,1987,Good,No,711147.6
Suburb,857,4112,4,3,1986,Excellent,No,303520.8
Downtown,4130,5492,4,1,2007,Good,Yes,813730.6
Suburb,1141,16114,3,3,1982,Good,Yes,449440.8
Downtown,1953,2517,4,2,2008,Fair,No,467000.8
Rural,3574,17018,3,4,1960,Poor,No,746077.6
Rural,1995,18740,2,4,2017,Good,Yes,526464.4
Suburb,3617,12431,6,3,2017,Very Good,Yes,786957.8
Downtown,3461,9210,5,2,1971,Poor,Yes,761736.6
Downtown,2032,12595,2,3,2015,Very Good,No,516236.6
Suburb,3201,13871,6,3,1993,Very Good,Yes,684274.2
Rural,2294,13743,3,1,1955,Poor,Yes,534613.8
Suburb,2621,10324,6,3,1991,Poor,Yes,600061.8
Rural,915,12531,3,1,1974,Very Good,No,306005.4
Downtown,4135,7588,2,1,2006,Fair,Yes,819490
Rural,1461,4311,1,4,2004,Excellent,No,430851.8
Suburb,2265,1987,1,1,1965,Excellent,Yes,511537.2
Downtown,4419,4321,6,1,1963,Fair,Yes,902191.6
Suburb,3300,16812,1,4,1988,Poor,No,738113.6
Suburb,2668,5615,3,3,1977,Very Good,Yes,614523.8
Rural,4348,16512,4,2,2000,Excellent,No,899642.6
Suburb,3134,14146,3,2,1998,Very Good,Yes,726979.2
Rural,4174,14654,4,2,1958,Fair,No,849216.2
Downtown,1816,4052,2,3,2007,Very Good,Yes,506363.2
Rural,1110,1726,5,1,1994,Fair,No,257149.4
Downtown,1007,4760,4,2,1971,Poor,No,310419
Rural,3465,2875,1,3,1981,Fair,Yes,693006.8
Suburb,3293,14969,3,1,2018,Fair,No,719036.4
Rural,3517,5033,2,4,2018,Excellent,Yes,761540.2
Rural,1432,6443,1,2,1991,Very Good,No,360439.2
Downtown,2902,18373,2,1,2002,Excellent,Yes,787820.8
Suburb,3759,4744,5,2,2008,Good,Yes,762442
Rural,3883,17977,3,2,1988,Fair,Yes,791811.8
Suburb,1456,2774,6,2,1964,Good,Yes,367500.2
Rural,2223,11651,3,1,2020,Excellent,No,582153
Rural,2731,1935,5,3,1978,Very Good,Yes,595134.8
Suburb,3827,14395,3,1,1952,Excellent,Yes,884756.8
Rural,3362,4808,6,2,1959,Very Good,Yes,649609.8
Suburb,2479,17715,4,1,1978,Very Good,Yes,654024.4
Rural,4413,12641,2,4,1984,Poor,Yes,826956.4
Downtown,1036,15376,6,3,1955,Fair,No,408122.6
Suburb,4150,6889,1,1,1961,Excellent,Yes,834854.6
Rural,1147,6054,5,4,1987,Very Good,No,381931.6
Rural,3474,4868,4,3,1968,Excellent,No,729129.2
Downtown,3975,17585,1,4,2016,Excellent,Yes,894782.2
Suburb,1429,19881,1,3,1957,Very Good,Yes,459171.8
Rural,2340,2842,5,1,1957,Good,No,473645
Downtown,2803,11058,4,4,1996,Fair,No,644498
Rural,2071,10101,1,2,1953,Fair,No,462520.8
Suburb,1163,13497,1,4,2000,Poor,Yes,366429.8
Rural,3168,5658,4,3,2016,Poor,No,653693.6
Rural,1085,12381,3,1,1994,Poor,No,322920
Rural,948,8544,1,3,1957,Fair,Yes,300495.2
Rural,1907,8718,2,4,1965,Good,No,436126.2
Downtown,3253,14851,4,4,2016,Fair,Yes,754655.4
Downtown,3825,18154,1,2,1958,Fair,No,824933.8
Suburb,1255,12777,5,1,2009,Fair,Yes,398048.2
Downtown,2566,2628,6,1,2020,Fair,No,582735.2
Downtown,1599,1386,2,4,1964,Good,Yes,407781.6
Suburb,1984,7031,6,1,2020,Poor,Yes,523693.4
Downtown,1812,7439,6,2,1990,Excellent,No,579963
Downtown,3631,14392,1,3,1971,Poor,Yes,830521.8
Suburb,3307,19850,2,1,1973,Poor,No,686408.4
Suburb,4421,3282,2,4,1993,Excellent,Yes,859959.2
Suburb,2323,2856,3,3,1950,Fair,Yes,538568.4
Rural,3585,16670,6,3,1959,Good,Yes,752505.8
Rural,3356,2998,2,2,2021,Good,Yes,669362.6
Suburb,1280,6476,3,4,2005,Poor,Yes,429405.8
Suburb,2486,10428,4,1,1999,Excellent,Yes,673749.4
Suburb,2961,5669,3,4,1961,Very Good,Yes,612813.6
Rural,3596,13336,5,3,2009,Fair,No,764262.6
Rural,2401,10342,1,4,1975,Poor,No,542444.4
Downtown,3208,8064,4,1,1990,Good,Yes,741594.4
Downtown,1140,8446,4,1,1985,Excellent,Yes,446630.2
Suburb,3617,18815,5,2,1972,Excellent,Yes,853076.6
Rural,2810,6624,3,1,1992,Poor,No,603825.2
Rural,3608,8461,1,1,1955,Very Good,Yes,720520.4
Rural,3816,2819,3,4,2018,Good,No,739852.6
Suburb,3296,11516,2,4,1992,Poor,Yes,725095
Downtown,2666,14749,3,3,1974,Very Good,Yes,653979.8
Suburb,1634,18514,4,2,1967,Excellent,Yes,537889.8
Downtown,2003,3658,1,4,2011,Fair,Yes,499485
Downtown,2525,4500,3,1,1962,Good,Yes,589645.2
Suburb,4278,3120,1,3,1992,Good,No,829216
Downtown,2489,5020,1,4,1977,Very Good,Yes,603771.4
Downtown,4067,11213,2,2,1967,Poor,No,827901
Rural,4337,4259,2,2,2008,Excellent,No,813233.6
Downtown,1110,11081,4,3,2009,Very Good,Yes,398991.4
Suburb,1061,2823,5,3,2012,Fair,Yes,359393.2
Suburb,2242,18858,1,3,2006,Fair,Yes,566760.6
Downtown,1205,19626,5,3,2000,Fair,No,472823.2
Rural,2990,14467,4,3,2005,Very Good,No,624337.8
Rural,1141,7990,1,1,1976,Excellent,No,367032.6
Downtown,2139,4134,1,1,1981,Good,Yes,516602.2
Downtown,3972,19454,6,4,1958,Poor,No,869461.6
Suburb,1043,17743,5,2,2017,Good,No,406817
Downtown,1289,16434,3,1,1995,Excellent,No,481172.4
Rural,811,16007,2,1,2016,Good,Yes,352306.2
Downtown,4110,11233,3,1,1975,Very Good,No,794965.8
Suburb,1360,17378,5,4,1957,Fair,No,428780.6
Suburb,841,2141,2,3,1955,Excellent,Yes,371952.4
Suburb,3525,19019,3,4,1973,Excellent,Yes,815751.6
Suburb,1393,11135,6,2,1997,Good,Yes,447923.4
Suburb,2252,13966,2,2,1994,Very Good,No,565273.8
Downtown,2626,4361,1,2,1962,Good,No,547590.8
Downtown,4029,8835,3,2,2018,Good,No,830858.6
Downtown,4087,12172,2,1,1974,Excellent,Yes,936938.8
Downtown,2493,17390,6,1,1969,Good,No,659135.4
Suburb,4333,4267,2,4,2015,Fair,Yes,781753.2
Rural,933,7564,2,3,1994,Good,Yes,349059.2
Downtown,3938,19990,6,2,1996,Fair,No,875634.6
Rural,3878,12411,3,4,2012,Excellent,No,843060
Downtown,1747,6906,4,1,2004,Very Good,No,451392.4
Downtown,4397,17028,3,1,1968,Fair,Yes,943025
Rural,872,8611,5,3,1984,Very Good,Yes,307360.4
Suburb,1198,18297,6,3,2002,Very Good,No,420081.6
Downtown,2228,3011,3,3,1975,Fair,Yes,567874.6
Downtown,3425,18826,2,4,1963,Excellent,No,828401.8
Downtown,3706,12246,6,1,1994,Poor,No,857585
Rural,929,14790,1,1,1993,Very Good,No,331049.6
Suburb,3778,12738,3,3,2014,Very Good,Yes,805687.6
Rural,4337,15730,6,2,2000,Excellent,Yes,931803
Rural,4077,12120,3,3,1992,Excellent,No,898974.2
Suburb,2611,19213,6,4,1972,Good,No,656002.4
Rural,2801,9767,2,3,2005,Excellent,Yes,696820.2
Suburb,1065,14703,1,3,1968,Very Good,No,397099.8
Downtown,2360,1929,1,4,2004,Fair,Yes,571842.2
Suburb,2785,12951,5,3,2009,Poor,No,666294.4
Downtown,1592,16845,6,1,2008,Good,Yes,540101
Rural,3100,18438,3,2,1982,Fair,No,677086.6
Rural,3669,16747,1,3,1968,Poor,Yes,787099.6
Downtown,2112,6744,1,4,1977,Poor,No,527377
Rural,963,19284,4,2,2001,Poor,Yes,343976.6
Suburb,894,10649,4,4,1998,Fair,Yes,345378.4
Downtown,2605,7980,1,2,1986,Good,Yes,660413.4
Rural,3680,8069,6,2,1975,Good,Yes,727068.4
Downtown,1933,10591,5,3,1989,Poor,No,520642.6
Suburb,3183,1442,1,1,1987,Fair,Yes,648402.6
Suburb,1621,5652,2,3,2003,Poor,Yes,415189.4
Rural,1037,10370,3,4,1971,Excellent,No,353182.6
Suburb,3228,8597,5,4,1965,Good,Yes,660573
Downtown,4307,15325,2,2,1977,Very Good,No,891143.2
Suburb,3746,5458,5,2,1984,Poor,Yes,732630.2
Downtown,3330,7591,2,1,2009,Excellent,Yes,772294.6
Downtown,2760,17346,3,3,1994,Good,Yes,702523
Suburb,3749,12826,3,4,1995,Fair,Yes,797739
Rural,1848,19693,4,2,2021,Good,Yes,537576.8
Suburb,2476,15138,6,1,2004,Fair,Yes,651949.6
Downtown,3988,18294,2,4,1975,Fair,No,831985.6
Downtown,3329,3169,4,2,1974,Poor,No,717749
Suburb,4263,19556,2,4,2014,Poor,Yes,924301.8
Rural,3764,7313,4,1,1955,Good,Yes,738247.8
Rural,3841,9315,3,1,1972,Excellent,No,767973
Downtown,1763,9036,5,4,2013,Good,No,533420.2
Downtown,1336,1785,4,3,1992,Very Good,Yes,419350.6
Rural,3950,7139,2,4,1972,Fair,Yes,750706
Suburb,2403,7344,2,2,1979,Fair,Yes,549927.6
Downtown,4044,19800,6,3,1967,Poor,Yes,879612.4
Downtown,2779,15973,3,2,1970,Excellent,Yes,711820.4
Rural,3883,6619,2,4,2006,Poor,Yes,791614.8
Suburb,927,2936,1,3,1972,Very Good,No,312052.8
Rural,4479,4807,5,2,1994,Good,Yes,816501.8
Suburb,891,8151,4,4,1993,Good,Yes,332344.8
Suburb,1342,10493,6,4,1996,Excellent,No,447854.6
Suburb,1645,13355,5,3,1989,Poor,No,485239
Downtown,4403,4236,3,4,2000,Poor,No,832866.2
Rural,2481,16848,6,1,1991,Very Good,No,596639.8
Rural,3836,3352,4,2,1956,Good,Yes,724159.6
Suburb,2651,2932,4,2,1999,Poor,No,577371.8
Downtown,3294,11913,1,4,1997,Excellent,No,815168
Downtown,1189,9556,3,4,1955,Good,Yes,395127.6
Rural,3519,6498,6,1,1958,Very Good,No,685177.6
Downtown,2684,11582,6,3,2006,Excellent,No,720587.6
Downtown,842,18330,2,4,1980,Fair,Yes,368432.2
Suburb,1053,14865,1,4,1970,Very Good,Yes,362095
Downtown,4001,10569,1,4,1989,Excellent,Yes,928350
Suburb,1883,18823,6,4,1994,Poor,Yes,562701.8
Rural,3510,5857,6,2,1998,Fair,Yes,712252.2
Downtown,3314,1340,5,4,1969,Very Good,Yes,648642.8
Rural,3134,12181,5,2,1966,Poor,Yes,630515.8
Rural,3858,17766,5,4,1977,Fair,No,781597
Downtown,2340,9491,1,3,1990,Good,No,548135.4
Downtown,4338,1138,2,1,2015,Poor,Yes,833947.4
Rural,2753,1358,4,3,1974,Excellent,No,601041.4
Downtown,3625,10714,5,4,2007,Very Good,Yes,812777.4
Suburb,3192,2627,2,4,1990,Fair,No,658586
Suburb,1441,16996,3,4,1955,Poor,Yes,465496.6
Downtown,3229,6004,5,3,1987,Good,No,676475.6
Rural,1489,14283,4,4,1955,Very Good,Yes,440120
Downtown,2076,7652,3,3,1994,Very Good,No,505958.8
Downtown,2750,3151,3,2,1963,Poor,Yes,618741.2
Rural,1879,10429,4,1,2015,Good,No,442836.4
Rural,2286,15072,5,1,1989,Fair,No,556882.8
Suburb,1256,12927,1,3,1952,Poor,Yes,413307.4
Rural,1782,7905,4,2,1973,Fair,No,456734.2
Suburb,2930,13452,4,3,1968,Very Good,No,648233.2
Rural,1922,17212,4,2,1967,Fair,No,506247
Downtown,948,19951,3,4,2013,Good,No,460829.2
Suburb,2152,2307,2,2,1984,Excellent,No,501184
Suburb,1979,15852,1,2,2011,Good,Yes,500134.4
Suburb,989,3660,5,2,1950,Fair,Yes,330340.4
Downtown,4365,11403,5,1,1974,Poor,No,906770.4
Downtown,1682,11238,2,2,1994,Very Good,Yes,489222.4
Downtown,3110,7207,4,4,1998,Excellent,No,722653.6
Downtown,3951,2140,1,4,1965,Poor,Yes,748663.6
Downtown,1199,2708,5,4,1968,Poor,No,321326
Suburb,3611,4630,6,2,1972,Good,No,763346.2
Downtown,1408,11485,5,3,1974,Fair,No,460735.4
Suburb,4131,13021,4,3,1965,Good,No,802549.2
Downtown,2595,17859,6,4,2003,Fair,Yes,675962.8
Rural,2438,8684,2,1,1950,Good,Yes,469668.2
Suburb,2375,2207,1,3,1991,Poor,Yes,511840.4
Rural,3632,14331,2,2,1968,Very Good,No,756346.2
Suburb,2948,2960,2,3,1983,Fair,Yes,610956.6
Rural,2182,1557,1,4,2004,Excellent,Yes,543934.2
Downtown,2203,16883,1,1,1967,Excellent,No,600016.6
Downtown,1619,14893,5,3,1983,Poor,No,518964.2
Downtown,4092,1882,5,3,1994,Good,No,782227.2
Suburb,1619,5761,1,4,1955,Good,Yes,437014.8
Rural,1219,6867,6,1,1970,Poor,Yes,386301.2
Downtown,923,13869,3,1,2019,Excellent,No,392726.8
Rural,1221,8166,5,4,1997,Excellent,Yes,444755.2
Rural,4102,13982,3,2,1988,Good,No,820424
Downtown,3934,8929,6,3,1980,Fair,Yes,835664
Downtown,2308,6347,1,2,1959,Very Good,No,527122.6
Rural,4499,8269,6,3,1979,Fair,Yes,872776
Downtown,2397,14527,5,3,1967,Excellent,Yes,666470.4
Downtown,1567,3454,2,2,2009,Fair,Yes,446426.4
Downtown,2844,19330,1,4,1964,Very Good,No,705485.8
Suburb,3330,13991,4,4,1953,Fair,No,699195.4
Rural,3366,3808,3,3,2012,Fair,No,630321.4
Rural,3002,7642,6,4,1989,Fair,Yes,655942.2
Suburb,2939,4825,1,3,1958,Fair,No,594673.4
Rural,3829,4536,6,4,1958,Poor,Yes,733211.6
Downtown,2349,16309,1,3,1975,Excellent,No,644865.8
Rural,3302,4802,5,4,1953,Very Good,No,624830.2
Downtown,2564,19354,5,1,1965,Excellent,Yes,756379.6
Suburb,2844,7142,5,2,1964,Poor,Yes,630528.6
Downtown,3445,10094,6,1,2001,Poor,No,718688.2
Rural,1309,1364,4,2,2018,Poor,No,355638.8
Rural,2006,16688,5,2,1954,Poor,Yes,498696.6
Rural,1185,2863,1,3,1969,Fair,Yes,309660.4
Suburb,2397,17499,5,2,1967,Excellent,No,637106.8
Suburb,3252,8084,2,1,1951,Good,Yes,650214.8
Rural,3093,9016,5,1,1962,Very Good,No,604383.8
Downtown,1541,3384,6,4,1953,Poor,No,422364.8
Suburb,4462,16072,4,1,1991,Excellent,No,954459.2
Rural,3508,4935,2,4,2010,Poor,Yes,675890.4
Rural,3497,14127,6,2,1957,Poor,No,752477.8
Suburb,4342,15482,6,1,2016,Poor,No,892649.6
Suburb,2711,8742,6,2,2012,Poor,Yes,619469.8
Suburb,2246,17165,1,1,1958,Poor,Yes,569707
Downtown,1700,3490,6,1,1960,Very Good,Yes,514832.6
Downtown,2912,14324,1,4,1991,Excellent,No,736048
Rural,3884,19108,6,2,1962,Poor,Yes,831169.2
Suburb,3060,2137,3,1,1985,Poor,Yes,619433.4
Downtown,2809,4420,2,3,1962,Poor,No,574936.8
Suburb,1041,6845,3,2,1961,Poor,No,312172.4
Rural,3340,4906,6,2,1986,Fair,No,690156.4
Downtown,4084,13413,2,2,2001,Fair,No,849539.2
Downtown,3185,1276,2,4,2020,Good,Yes,669710.4
Downtown,2820,19383,4,3,1951,Poor,No,633233.2
Rural,972,18611,3,2,2005,Good,Yes,360365.6
Suburb,1471,7337,4,1,2009,Very Good,No,399185.6
Downtown,963,12944,2,1,1972,Good,No,346759.6
Rural,1264,16906,1,4,1989,Excellent,Yes,437545.4
Suburb,3842,18079,2,1,2013,Fair,Yes,808147.2
Rural,1296,13306,4,2,1972,Fair,Yes,370903.8
Suburb,1499,11503,3,1,1978,Poor,No,404565.2
Rural,3242,5208,6,2,2000,Poor,No,627946.4
Suburb,1502,12590,6,1,2018,Very Good,Yes,479470.4
Downtown,2740,11886,3,3,1980,Very Good,Yes,662001.2
Suburb,3155,13866,6,4,1999,Excellent,No,763368.4
Rural,2591,2088,6,4,1969,Poor,Yes,561788.4
Rural,982,4363,4,3,2004,Poor,Yes,311720.8
Suburb,1428,1024,3,3,1951,Very Good,No,326854.8
Downtown,3357,10764,5,4,1974,Very Good,Yes,728780
Downtown,2531,10959,1,3,1962,Very Good,No,559715.6
Suburb,1345,13935,1,2,2019,Fair,No,423149.6
Suburb,2387,9068,6,1,2016,Good,No,543049
Rural,1423,19619,1,4,2007,Good,Yes,470698
Downtown,1393,8295,3,3,2013,Poor,Yes,417443.6
Suburb,1543,9392,3,2,2018,Fair,Yes,431868.8
Downtown,4098,12390,2,4,2008,Very Good,Yes,869552.6
Suburb,2568,9448,2,3,2009,Poor,No,606595.8
Suburb,2259,11433,1,4,2011,Fair,No,561050.4
Downtown,2748,16038,5,3,1965,Excellent,Yes,756912.4
Suburb,4293,12528,2,4,2017,Fair,Yes,838661.8
Suburb,3401,16743,2,2,1964,Poor,Yes,750224.4
Rural,2868,9605,3,2,2004,Good,Yes,612496.6
Suburb,3401,3014,5,1,1984,Very Good,No,661780.6
Suburb,3244,2381,6,4,2004,Excellent,Yes,734654.6
Suburb,3472,2098,1,1,1963,Fair,No,663463.4
Rural,904,10101,2,4,1998,Poor,Yes,280208.6
Downtown,3039,1187,5,3,1956,Poor,Yes,655134.6
Rural,816,12948,5,3,1979,Very Good,Yes,315244.6
Rural,3991,11207,1,1,1998,Poor,No,762454.2
Downtown,1192,3092,5,4,1965,Poor,Yes,393556.2
Rural,1224,19514,5,1,2000,Very Good,No,382933.6
Downtown,2976,6242,5,2,2021,Excellent,No,743668.4
Rural,4001,9549,2,1,1991,Good,Yes,801504.2
Downtown,1371,6185,1,1,1966,Good,No,406997
Suburb,4431,16271,5,3,2012,Fair,No,914633.2
Rural,2876,6776,5,1,1994,Excellent,No,675351.2
Rural,1920,13449,2,4,1956,Fair,Yes,493082.8
Rural,3881,8823,1,3,1976,Good,No,730459.4
Rural,1041,16717,3,1,1959,Very Good,No,340107.6
Suburb,3079,8355,2,2,1983,Poor,Yes,648016.4
Rural,1588,7465,1,1,1985,Good,Yes,365389.8
Suburb,4155,13737,5,1,1974,Excellent,No,889657.6
Suburb,1514,18881,1,1,1955,Good,No,460528.2
Suburb,1558,14324,1,3,1973,Excellent,No,508235
Suburb,3649,11350,6,4,1967,Excellent,No,834628.4
Downtown,1575,3555,1,2,1955,Excellent,Yes,460210.2
Downtown,3573,3951,3,1,1978,Fair,Yes,733564.6
Rural,3047,18622,1,4,1974,Very Good,No,625725.4
Downtown,3792,5727,3,4,2004,Good,Yes,755595.4
Downtown,878,6686,5,3,1995,Very Good,No,363476.8
Rural,3803,4701,3,2,1973,Poor,Yes,720898.4
Rural,1655,3780,5,3,1975,Good,Yes,381193.6
Rural,4044,18972,5,4,1977,Very Good,No,854800.4
Downtown,3314,3368,3,4,1952,Very Good,No,667795.4
Downtown,3428,16592,2,4,1987,Poor,No,800743.8
Rural,2239,1436,4,3,2010,Excellent,No,515966
Suburb,3787,3828,1,2,2000,Good,Yes,729280.4
Rural,3296,2556,6,1,1997,Good,Yes,645405
Suburb,2934,14364,4,3,1970,Poor,No,679518.2
Suburb,2948,16061,1,4,2003,Excellent,Yes,747288.4
Rural,1831,11576,1,3,2005,Good,Yes,435972.2
Rural,1644,17566,5,4,2008,Good,No,480269.6
Rural,4071,8190,1,1,2021,Good,No,808671.6
Downtown,4376,6565,6,1,2000,Excellent,Yes,942181.4
Suburb,886,16369,1,2,1969,Poor,No,300653.8
Downtown,2890,2589,3,4,2008,Good,No,615034
Downtown,4256,1159,4,2,2020,Very Good,Yes,879285.2
Rural,4492,13145,3,2,1958,Excellent,Yes,955593.2
Downtown,4306,16373,6,1,1950,Fair,No,954732.8
Rural,1207,7555,1,3,1978,Poor,Yes,364301.8
Suburb,4354,17237,6,3,2012,Very Good,No,916586.4
Rural,3511,10203,5,2,2021,Good,No,678826.6
Downtown,3888,9244,3,1,2005,Fair,Yes,840717.8
Downtown,2468,15743,3,4,2017,Poor,Yes,669205
Rural,947,14333,2,3,1984,Excellent,No,357135.2
Rural,3124,14341,1,2,1952,Fair,No,663359.8
Downtown,1031,19691,5,3,1956,Fair,No,472494.8
Suburb,2750,2228,3,3,1976,Very Good,Yes,616146.2
Suburb,1165,6590,3,4,1950,Poor,No,365162.4
Rural,4099,6585,5,1,2020,Very Good,Yes,825127
Suburb,2474,10227,6,4,1993,Very Good,No,605455.8
Downtown,1235,7046,6,1,1990,Good,Yes,412912
Rural,1198,13237,1,3,1991,Excellent,No,400895.4
Downtown,2034,16649,2,2,1982,Fair,Yes,518822.8
Downtown,2214,5945,3,4,1999,Poor,No,514018.2
Suburb,3346,8927,2,1,2012,Excellent,No,750991.4
Rural,3387,13641,6,3,1986,Excellent,No,765352.2
Rural,1362,16998,6,1,2008,Poor,No,440432
Suburb,4362,14386,4,1,1997,Excellent,Yes,970766.4
Downtown,3289,8016,1,1,1954,Good,Yes,683958.2
Downtown,2084,15027,4,3,1997,Excellent,Yes,605198.4
Downtown,1572,16920,4,2,1952,Good,Yes,500946.8
Downtown,3197,14752,4,2,1996,Fair,Yes,745148
Rural,2837,19268,1,2,2011,Fair,No,658465.6
Rural,4223,19193,1,1,1963,Very Good,Yes,864380.2
Suburb,3367,4167,5,3,2012,Good,Yes,728805.8
Suburb,2143,12989,2,1,2010,Fair,Yes,538691.4
Rural,2985,15087,2,2,1980,Excellent,Yes,708756
Rural,2373,3437,5,2,1966,Poor,No,530257.4
Downtown,4494,16275,5,3,1973,Poor,No,890317
Downtown,1791,6276,6,1,1972,Good,No,451941.8
Suburb,3215,9859,4,4,1999,Very Good,No,663214.2
Rural,4091,8818,5,4,2019,Excellent,Yes,874342.4
Suburb,4208,5728,3,2,1976,Good,Yes,797232.4
Rural,2046,6738,2,3,1964,Poor,No,437630.2
Downtown,1159,6793,5,1,1999,Good,No,377526.8
Suburb,1720,5523,3,1,1985,Excellent,Yes,453242.6
Suburb,3176,6571,3,2,1957,Fair,Yes,695599.2
Rural,3809,17209,3,2,1952,Excellent,No,868753.8
Downtown,3310,16246,6,1,2011,Fair,No,784224.6
Suburb,3793,11380,6,1,1996,Fair,No,796254.2
Downtown,1762,3224,3,2,2010,Fair,No,464770
Suburb,4432,9389,6,1,1981,Good,Yes,889248.6
Downtown,2627,16927,4,4,1962,Poor,Yes,661861.6
Rural,4253,12684,3,2,1950,Good,Yes,868514.4
Suburb,3683,11640,4,1,1983,Poor,No,744220
Suburb,2413,9662,4,2,2011,Excellent,Yes,635987.4
Downtown,2440,7361,3,3,2020,Very Good,Yes,590139.8
Downtown,3016,2948,2,2,1980,Excellent,No,658838.6
Suburb,1016,13091,3,2,2013,Good,No,319523.8
Rural,1177,12992,3,3,1974,Good,No,348583.6
Downtown,918,7318,6,4,1987,Poor,No,419173.8
Downtown,989,13180,3,1,1963,Good,No,345529.4
Downtown,3614,1234,2,3,1957,Fair,No,683667.4
Suburb,1169,16372,6,2,2003,Good,Yes,391961.4
Suburb,2601,1522,1,1,1951,Poor,Yes,534482
Suburb,2996,13718,1,3,2005,Poor,Yes,636846.2
Suburb,1451,10821,4,1,2010,Fair,Yes,430634.8
Rural,2682,6832,4,1,1971,Poor,Yes,560471.4
Rural,2311,13820,2,3,1984,Very Good,Yes,572065.8
Suburb,1569,17211,5,1,1965,Excellent,No,537515.6
Rural,3221,8122,1,4,1999,Good,No,605696.8
Downtown,1580,6842,4,3,1992,Very Good,No,464935.2
Downtown,2516,2316,1,4,1966,Good,Yes,607170.4
Downtown,3007,14200,2,2,2007,Very Good,Yes,693409.2
Suburb,3198,18508,2,1,1951,Good,No,667235.8
Downtown,2111,16206,5,2,1953,Fair,No,580558.8
Rural,4159,19971,5,2,1988,Poor,No,838911
Suburb,3739,2378,6,1,1955,Poor,No,681730
Rural,2049,2519,2,3,2018,Fair,No,461711.8
Downtown,1322,8935,4,1,2018,Very Good,Yes,442849.2
Downtown,1321,7093,1,2,1969,Excellent,Yes,430261.4
Downtown,1582,6355,3,2,2013,Very Good,Yes,460754.4
Suburb,3120,10083,5,3,1965,Poor,No,709379.8
Rural,1735,6574,3,1,2000,Excellent,Yes,467409.6
Suburb,4273,14324,4,2,1986,Good,No,844619.4
Suburb,3030,3257,5,4,2018,Excellent,Yes,684804.8
Downtown,2488,14411,3,2,1991,Very Good,No,588656.6
Suburb,1287,16233,4,2,2006,Fair,No,387503
Suburb,2650,16887,1,3,2015,Good,Yes,634201
Downtown,1645,3005,4,4,1958,Very Good,Yes,449198.2
Suburb,2971,19400,6,2,2013,Good,Yes,709536
Downtown,3832,11860,5,2,1971,Excellent,Yes,883152.2
Downtown,4497,11070,2,4,1983,Poor,Yes,906040.6
Downtown,3637,10388,1,1,2004,Very Good,No,751592.6
Downtown,3261,19156,3,1,1978,Fair,Yes,748462
Suburb,2803,19135,5,2,1987,Excellent,Yes,742195
Downtown,2548,15609,2,2,1967,Very Good,No,630177
Downtown,4043,17363,4,1,2020,Fair,Yes,889773.4
Suburb,4159,17923,2,3,2014,Very Good,No,863674.4
Suburb,4306,15823,5,4,1950,Excellent,Yes,935090.6
Rural,1485,18845,5,4,1953,Very Good,Yes,500862.8
Suburb,2960,9547,6,3,1953,Good,No,687349.8
Suburb,3735,12515,6,3,1976,Excellent,Yes,872384.4
Rural,2969,1234,2,3,1992,Very Good,Yes,586303.2
Suburb,2367,15562,4,3,2008,Poor,Yes,651423
Suburb,2045,18932,2,3,1981,Very Good,Yes,597263.2
Suburb,838,8480,5,3,1982,Good,No,347556.2
Suburb,3344,5213,5,4,1977,Fair,No,701258.2
Rural,1579,11293,3,3,2004,Fair,Yes,408370.2
Suburb,2056,2673,6,1,2009,Fair,Yes,467768.6
Suburb,3790,3100,3,3,2019,Poor,No,727510.8
Rural,4401,12849,1,3,2011,Good,No,859022.6
Downtown,2996,19199,5,4,1983,Excellent,Yes,810004
Rural,4268,4841,3,4,2005,Fair,No,760504.8
Downtown,3869,11197,2,3,1962,Good,No,774262
Rural,3508,9016,6,4,2005,Very Good,No,720319
Rural,2727,8011,6,2,1967,Poor,No,553550.6
Suburb,1101,5493,4,4,2003,Good,Yes,351911.2
Downtown,4231,18058,2,4,1992,Good,No,900296
Suburb,3085,9578,4,4,1988,Excellent,Yes,756871
Downtown,1446,3158,3,4,2010,Good,Yes,426008.6
Rural,1462,3064,1,1,1991,Excellent,No,393388.4
Rural,3083,4253,2,1,1967,Poor,Yes,619765.2
Downtown,2559,13828,2,1,1972,Poor,Yes,610247.6
Suburb,3050,2401,2,3,2003,Very Good,No,595245
Suburb,1055,16193,4,3,1979,Excellent,No,432495.6
Suburb,1397,13096,3,2,2007,Excellent,No,494878.6
Suburb,1461,5214,2,1,2017,Fair,Yes,390712.4
Rural,1034,12023,2,3,2016,Fair,Yes,378669.8
Rural,2168,12950,6,4,2020,Very Good,Yes,546101.6
Rural,3381,11704,1,4,1967,Poor,Yes,721800.2
Rural,3707,11343,6,1,1956,Fair,No,739436.2
Rural,4337,12867,6,2,1989,Good,Yes,880438.6
Suburb,1569,3745,1,2,2019,Poor,No,400403.4
Suburb,3388,4866,3,4,2014,Good,No,647213.6
Suburb,1012,12956,6,2,2017,Excellent,No,472964.2
Suburb,1262,6818,3,1,1998,Poor,No,339596.8
Rural,3283,19606,6,4,2001,Very Good,Yes,710579.4
Rural,1082,17093,5,3,1978,Excellent,No,433898
Rural,4433,16493,1,3,1970,Excellent,Yes,946907.8
Downtown,4478,18908,6,2,1958,Good,No,934487.6
Suburb,2286,9224,5,4,1996,Excellent,No,608088.8
Suburb,2230,5025,4,4,1991,Fair,No,491132.8
Rural,887,19950,5,3,2000,Poor,Yes,370848.8
Suburb,1867,7155,2,4,2005,Fair,No,450353.4
Suburb,1260,14839,6,4,2000,Good,No,400957.4
Rural,3125,1719,5,4,2019,Good,No,580616.8
Downtown,3268,15890,3,2,1969,Poor,No,758253.4
Downtown,2524,18356,4,4,1976,Excellent,Yes,685409.4
Downtown,2176,19591,6,1,1987,Very Good,Yes,607519
Rural,3543,5426,2,2,2021,Good,No,703214.8
Suburb,1314,13512,5,4,2014,Poor,No,437429.6
Rural,1502,16064,4,4,2003,Very Good,Yes,482592.2
Rural,2453,14767,6,1,1973,Excellent,Yes,652163
